TeamId,TeamName,SubmissionDate,Score
6209666,Goosebumps,"2021-06-21 13:52:01",1307.4
6253491,HandyRL,"2021-06-20 14:56:11",1276.1
6596698,"Goose luck","2021-06-21 16:14:24",1269.3
6208903,"Daewoo Myoung","2021-06-21 11:34:34",1253.0
6348109,takedarts,"2021-06-21 14:31:41",1230.8
6264275,Mickey,"2021-06-21 00:09:38",1222.3
6230952,ironbar,"2021-06-21 06:42:01",1218.1
6328715,NejuMixwell,"2021-06-21 15:18:07",1212.3
6329399,Ivan,"2021-06-21 00:07:04",1204.0
6359717,b0w1d,"2021-06-21 17:42:16",1197.5
6710248,"Duck Coffee","2021-06-21 16:32:57",1186.5
6209151,"THE GOOSE IS LOOSE","2021-06-20 22:22:43",1177.6
6574463,s_shohei,"2021-06-21 12:30:35",1158.7
6267538,"fowl play","2021-06-21 10:21:32",1158.1
6799941,tereka,"2021-06-21 13:47:02",1152.0
6205876,hungry_buchio,"2021-06-12 00:33:50",1149.3
6210783,"Masked Goose","2021-06-21 12:29:06",1147.3
6322693,"ysk kwkm","2021-06-20 07:35:58",1146.2
6328313,"The Hunger for More","2021-06-19 17:14:39",1140.5
6271523,"Goose Busters","2021-06-07 19:44:16",1139.6
6614010,bestfitting,"2021-06-21 16:44:18",1132.4
6862817,"Chika Sasaki","2021-06-21 10:16:31",1130.7
6342075,"Felipe Loque","2021-06-21 11:06:19",1129.7
6348682,MrAzK0,"2021-06-21 15:22:30",1121.9
6934640,kibuna,"2021-06-21 13:09:33",1121.5
6334047,Inoddy,"2021-06-20 12:18:37",1121.0
6848094,shirakia,"2021-06-20 11:51:42",1111.3
6261908,"The Hunger Games 🍕🍰🌶️","2021-06-17 19:03:57",1111.2
6303977,AaronElliot,"2021-06-20 21:13:03",1110.4
6206127,"Naruhiko Nakanishi","2021-06-21 07:59:54",1108.4
6735575,"Kirill Shipitsyn","2021-06-20 15:32:38",1107.4
6213822,TanaShun,"2021-06-21 06:16:57",1107.4
6225474,"Lame goose strikes again","2021-06-21 08:11:40",1107.1
6322904,Joan_BA,"2021-05-03 21:07:23",1102.9
6212741,"Harijs Ceriņš","2021-06-21 07:03:39",1102.1
6677635,"cafe au lait","2021-06-13 09:40:55",1101.5
6667628,Suraken,"2021-06-08 11:53:45",1099.7
6208098,Be-Ind,"2021-04-15 09:30:19",1099.6
6304478,"Joseph Gesnouin","2021-06-21 08:51:29",1099.4
6229487,andrekos,"2021-06-21 17:39:47",1099.3
6678062,"Rishi Patel","2021-05-13 06:29:14",1095.9
6499015,"Geese Runner","2021-06-21 01:28:34",1094.0
6349294,"Shotaro Sano","2021-04-22 11:33:52",1092.7
6213253,aDg4b,"2021-06-21 07:59:04",1090.3
6514553,"Jean-Philippe MARY","2021-06-21 07:49:22",1089.0
6207433,yamash73,"2021-05-21 14:51:06",1088.3
6647925,tanzaku,"2021-04-28 18:44:41",1085.3
6275366,"Khanh Vu Duy","2021-06-01 01:53:53",1084.4
6306952,"Hungry for Geese","2021-06-16 14:21:37",1083.4
6729767,"Siti Khotijah","2021-06-21 09:11:58",1080.0
6765774,Vee,"2021-06-12 17:32:26",1079.8
6248045,kcoffee,"2021-06-21 11:04:13",1077.4
6268666,"Akira Hirohashi","2021-06-20 08:45:49",1076.3
6295822,"Akihiro Yamanihshi","2021-06-18 11:45:38",1075.1
6672488,"Zhu Zeyu","2021-06-02 02:27:07",1074.1
6257382,"Choi Yeonung","2021-06-21 02:25:19",1073.6
6328833,"amin ghani","2021-05-04 18:16:21",1073.0
6950624,Nanashi,"2021-06-20 23:13:38",1072.9
6695550,takahashihideaki,"2021-06-15 08:19:15",1071.6
6225570,agenlu,"2021-06-21 08:56:20",1071.3
6835731,sekenn,"2021-06-12 15:33:55",1071.0
6205856,makogarei,"2021-06-17 13:23:00",1070.0
6798434,UnfriendlyAI,"2021-06-20 20:49:39",1069.5
6582309,Blu3s,"2021-06-21 11:36:54",1068.9
6221566,glazed,"2021-05-29 22:37:52",1068.7
6296192,lemonramen3,"2021-04-16 13:03:25",1066.7
6859222,Rigel,"2021-06-06 10:54:58",1065.7
6936386,Camaro,"2021-06-21 13:48:57",1063.0
6760645,zzp,"2021-06-08 09:20:31",1062.7
6211037,"Max Pridy","2021-06-05 07:22:03",1061.8
6251740,x5or6,"2021-05-20 15:30:41",1061.4
6830128,"Maksim Kleshchenok","2021-05-19 16:59:22",1061.4
6384417,"Fumio Moriya","2021-04-20 01:36:00",1061.1
6671496,MJayBee,"2021-06-05 23:15:18",1060.7
6934846,"Manuel Campos","2021-06-21 00:18:29",1060.5
6928330,"Evgeny Ponomarev","2021-06-21 11:22:57",1059.2
6742218,dalfos,"2021-05-04 20:01:31",1057.1
6206001,"Bo Peng","2021-06-21 16:49:40",1056.6
6447478,zuijiang,"2021-05-13 16:59:18",1055.6
6354993,sw,"2021-06-16 13:27:43",1052.4
6358948,tktk,"2021-06-21 11:39:43",1052.0
6709711,ontheroad_2021,"2021-05-09 06:10:38",1051.9
6861280,tugstugi,"2021-06-01 19:07:47",1051.3
6217550,"Thang M. Nguyen","2021-04-28 00:24:32",1050.6
6205913,chlxyd,"2021-03-04 14:21:09",1050.3
6250121,kambehmw,"2021-06-15 12:21:26",1049.3
6240622,"Dmitry Kozlov","2021-06-15 07:26:46",1049.3
6499725,"Xu Han","2021-04-18 04:40:05",1048.3
6913418,cozy_sauna,"2021-06-21 07:23:52",1047.6
6209466,BörkaPanda,"2021-06-21 15:14:07",1044.8
6567256,"Luca Massaron","2021-05-03 13:33:02",1044.4
6456669,jx,"2021-05-12 03:24:24",1042.0
6209260,"Abid Ali Awan","2021-06-16 04:09:42",1040.7
6355281,Riad,"2021-06-06 05:50:10",1040.1
6234612,"Goose QQ","2021-06-21 04:51:06",1035.3
6666611,SA,"2021-05-07 04:08:16",1034.7
6210692,rc95401,"2021-04-29 18:39:07",1034.2
6281870,Fernando,"2021-06-19 20:59:29",1033.4
6680875,Dapeng,"2021-05-24 11:43:06",1033.0
6210766,"Georg Streich","2021-04-21 13:41:04",1033.0
6263372,"John TerMaat","2021-05-31 13:47:07",1031.9
6939256,菜狗驿站,"2021-06-16 10:24:50",1031.7
6576146,luxuantao,"2021-04-04 06:09:32",1031.1
6667449,IggiSv9t,"2021-05-03 19:08:35",1030.2
6320897,Batake,"2021-06-20 11:37:15",1029.3
6558477,junchan999,"2021-06-21 10:31:50",1029.2
6213302,"Vicens Gaitan","2021-05-27 13:17:21",1029.0
6296264,digimagi,"2021-06-19 12:06:28",1027.5
6358591,"Hirotaka Yoshimatsu","2021-05-17 11:06:28",1026.9
6296768,stpete_ishii,"2021-06-21 05:25:23",1026.8
6344711,TAMAGO,"2021-06-14 05:12:36",1026.0
6458169,"Terrific Trio","2021-05-11 07:20:15",1024.7
6371532,"Hiroshi Sakiyama","2021-06-21 09:52:58",1024.1
6245604,Nemuri,"2021-05-23 14:38:12",1023.6
6638503,"Dmitriy Ivanov","2021-05-10 13:09:13",1023.5
6207881,"Atanas Atanasov","2021-04-11 15:45:13",1022.5
6207671,ZFTurbo,"2021-03-12 07:13:01",1021.6
6239945,菜鸡不会玩,"2021-02-20 03:16:14",1020.9
6255856,Rain,"2021-02-23 07:52:14",1020.8
6242522,"Hantian Zheng","2021-06-21 01:28:25",1020.5
6413895,Seba,"2021-05-12 07:20:03",1019.4
6286472,BIZEN,"2021-05-07 02:32:47",1018.9
6344255,Elissa-F,"2021-05-05 08:52:25",1018.6
6876980,"Mike Burke","2021-05-28 17:43:01",1017.7
6226840,rokiso,"2021-03-13 09:34:13",1017.7
6556586,play001,"2021-04-15 02:05:20",1017.5
6284529,tensor,"2021-03-08 23:36:50",1016.5
6346198,"乔世吉(Shiji Qiao)","2021-03-04 07:33:03",1016.5
6210152,"[Deleted] #8","2021-03-05 19:26:52",1016.0
6215404,"#Looking for a team!","2021-06-21 17:18:23",1015.8
6706222,cashmesh,"2021-04-28 08:25:17",1015.6
6290453,"Md. Masud Rana","2021-06-21 11:59:50",1014.8
6666718,Sh1r0,"2021-05-09 19:32:38",1014.3
6330271,majunfu,"2021-02-21 14:20:08",1013.1
6851310,"Ning Jia","2021-06-13 01:40:39",1012.9
6942931,ling000000,"2021-06-16 08:52:05",1012.8
6645821,"unlimited hy","2021-05-16 13:13:32",1011.8
6840805,"Eskender Dzhemadinov","2021-06-20 18:12:48",1011.7
6540715,mizoo,"2021-06-17 23:06:12",1011.1
6726331,SIMJUNGHWAN,"2021-05-02 06:49:34",1010.2
6208248,to-fu,"2021-05-26 07:52:12",1009.9
6228812,"Thamalu Maliththa","2021-02-24 17:07:41",1009.2
6257271,"JKU CoDA","2021-06-14 17:24:35",1007.7
6206084,"Vlad Golubev","2021-03-20 16:40:07",1007.6
6209058,expere,"2021-05-09 23:58:52",1007.4
6229635,radnado,"2021-04-02 04:42:29",1007.1
6292041,graythunder,"2021-02-27 10:19:16",1007.1
6246939,YUMPY,"2021-02-26 19:53:54",1006.5
6389346,gaggle,"2021-03-23 22:03:01",1005.4
6239873,贪吃蛇吃吃吃,"2021-02-22 06:57:43",1005.2
6220317,Kenjo1209,"2021-02-25 06:23:17",1005.1
6865534,"Manoj Prabhakar","2021-06-16 18:11:21",1005.1
6206034,"Overfed Geese","2021-05-28 17:32:30",1004.8
6254198,"Water people","2021-03-08 00:52:54",1004.3
6239548,"Hungry Luck","2021-02-16 10:46:16",1002.8
6364674,Malton,"2021-06-20 14:37:09",1001.8
6214218,KichuPariNa,"2021-05-01 11:30:45",1001.4
6215318,"Who Touched My Geese","2021-06-18 07:50:18",1001.1
6258553,"Chiu Yu Hao","2021-02-21 09:15:02",1000.9
6951001,Flamadesombra,"2021-06-12 23:29:23",1000.5
6227906,"Alexey Yurasov ","2021-02-15 16:45:47",999.7
6351006,"Nick John","2021-03-17 08:26:18",999.2
6559288,Andrij,"2021-06-12 19:58:25",999.0
6600973,Nonofigi,"2021-04-17 23:32:24",996.9
6205912,Lindada,"2021-02-25 02:36:11",996.4
6227133,"PCEO AI CLUB","2021-04-07 18:52:04",995.4
6209182,"Hossein Masoumi Karakani","2021-06-19 14:17:36",995.0
6284565,"[Deleted] #5","2021-02-11 05:41:52",994.0
6766822,"[Deleted] 21cef565-8114-4361-a662-5adfdf1bdf81","2021-05-10 20:41:48",993.9
6265434,hzf1174,"2021-04-16 08:11:16",993.5
6213081,"Nikolay Romanenkov","2021-06-10 07:10:43",993.1
6482494,"Javi #2","2021-04-12 11:44:20",992.8
6542257,"Oleg Che","2021-03-29 22:22:23",992.5
6504185,"Jumping Appler","2021-03-24 11:38:04",991.8
6557917,"Liu SD","2021-04-13 07:48:14",991.6
6298425,K,"2021-02-22 04:46:34",991.4
6345673,"Isao Tokuhara","2021-03-19 05:43:47",990.6
6791180,CSL,"2021-06-21 05:41:02",990.4
6206085,"745H1N ","2021-05-22 18:58:56",990.3
6425920,"Drew Walton","2021-03-11 18:52:26",989.6
6352138,Hubert,"2021-04-24 18:22:05",989.3
6270592,vecxoz,"2021-02-07 15:00:25",988.9
6420688,daidaisyttt,"2021-04-16 04:02:43",988.8
6611761,"shunya iida","2021-04-11 09:45:31",988.5
6873313,NaN,"2021-05-31 05:53:38",988.5
6949682,"Aditya Prasad","2021-02-21 16:48:11",988.4
6280639,"Atharv Yeolekar","2021-03-05 15:03:22",988.2
6239481,Necofuryai,"2021-03-31 02:49:13",987.7
6538037,vanAmsen,"2021-04-19 12:33:57",987.6
6975864,nuwanda,"2021-06-20 23:50:44",987.4
6286864,km,"2021-02-11 00:44:57",987.0
6630958,NitamagoEX,"2021-06-08 10:31:19",987.0
6273618,syurenuko,"2021-02-10 12:48:26",986.8
6242102,fzdy1914,"2021-04-25 08:14:47",986.6
6211925,"Philipp Kostuch","2021-02-16 07:14:13",986.3
6646157,"Trinh Quoc Anh","2021-04-17 06:01:49",986.0
6447867,sendogagaga,"2021-03-24 22:19:41",985.9
6243200,"ankit maurya","2021-06-12 10:58:51",985.7
6417754,Daisukemine,"2021-03-16 13:11:26",985.5
6841852,Sharda,"2021-06-12 08:05:27",985.4
6216367,"Alexander Deineha","2021-02-21 11:03:42",984.7
6287313,yenfu_lin,"2021-02-19 15:53:27",983.1
6914295,AU342-G11,"2021-06-07 16:35:11",983.0
6291979,makio,"2021-02-12 09:08:05",982.1
6207053,"Yaroslav Isaienkov","2021-02-24 20:56:34",982.1
6504216,"Dewei Chen","2021-03-23 07:11:59",981.2
6372001,3TW,"2021-03-04 12:50:29",981.0
6309686,"Rakesh Indivar","2021-03-04 06:49:36",980.6
6537290,led_4,"2021-03-29 20:10:41",980.5
6797938,"Jeonghyuk Park","2021-06-21 12:35:02",979.1
6276499,ManuelSH,"2021-02-08 22:01:47",979.1
6618479,marksix,"2021-06-21 11:38:41",978.5
6332985,"Georgi Trevnenski","2021-02-25 17:07:05",978.5
6210442,"Rob Mulla","2021-04-15 01:06:23",978.3
6292919,Kable,"2021-02-26 14:40:50",978.1
6418833,"Suyash Pratap Singh","2021-03-09 05:01:55",975.5
6545407,daigo,"2021-03-29 11:48:31",975.4
6635213,"Kate Latypova","2021-05-10 19:23:02",974.4
6752952,"Nikha In-amkha","2021-05-08 02:38:00",974.4
6272817,"l'oie a faim d'or","2021-03-18 08:39:30",973.9
6802484,Roki_1031,"2021-05-21 12:39:01",973.5
6620474,hloya_ygrt,"2021-04-11 18:40:59",973.4
6848267,Sotky,"2021-05-23 06:34:16",973.0
6284590,Iwanaction,"2021-02-11 01:07:56",972.0
6288644,tizawa3,"2021-06-17 11:23:19",972.0
6925718,"Aidan Wen","2021-06-09 20:47:42",971.8
6329548,keimoriyama,"2021-03-26 12:15:19",971.6
6311694,HY2017,"2021-02-17 10:04:45",971.3
6615062,Kyo-kbys,"2021-04-25 16:14:52",971.0
6640792,eshineHaha,"2021-04-15 07:29:39",970.5
6214239,"Stefan Klisarov","2021-02-17 07:06:59",969.5
6562829,"Leo Lu","2021-04-11 02:52:11",969.3
6209109,"Tensor Girl","2021-05-29 15:25:55",969.3
6304657,"Radmir Zosimov","2021-02-22 10:33:01",969.2
6209480,"Kuznetsov Ivan","2021-05-05 11:53:35",968.2
6776251,"Nat Bel ML Fun","2021-05-13 19:47:57",968.0
6917704,Baseline,"2021-06-06 05:54:22",967.9
6353627,sriram,"2021-02-25 21:52:38",966.8
6227904,ammarali32,"2021-02-09 07:31:33",966.8
6207859,"Shivam Mittal","2021-02-11 08:05:56",966.8
6221915,KoyaIshikawa,"2021-02-18 02:40:47",966.7
6868506,"Dianwen (David) Zhao","2021-05-28 00:30:31",966.5
6217435,"Yuka Aono","2021-06-17 22:18:46",964.0
6316119,"Yusuke Nakayama","2021-06-04 07:02:57",963.9
6284735,"yuma hirakawa","2021-02-19 08:12:09",963.3
6940749,"Gansos & Roses","2021-06-21 07:24:36",963.1
6589522,tsutaj,"2021-06-08 01:29:42",962.8
6390497,daiyufish,"2021-03-24 01:27:42",962.7
6209694,ihar,"2021-06-09 15:15:18",962.6
6819294,BinZ20,"2021-05-19 06:37:21",962.2
6381136,"Old Monk","2021-06-19 03:42:05",962.2
6286050,"Hiroaki Kobayashi","2021-04-22 11:56:15",961.6
6211719,"Andrew Burruss","2021-02-26 22:43:16",961.2
6510180,AngryGeese,"2021-03-24 06:53:54",961.0
6208729,thisray,"2021-02-27 12:01:58",960.1
6426263,"Maddie Caccese","2021-03-29 01:49:42",959.3
6381699,MohitMayank,"2021-03-08 20:01:13",959.3
6838451,enjoy,"2021-05-25 07:01:59",958.7
6210612,"Jonas Nordquist","2021-05-15 14:02:33",958.3
6210449,"Hungry feathers","2021-02-08 11:00:15",958.2
6335403,deltakun,"2021-04-06 12:23:21",956.9
6855207,Gorochu,"2021-05-25 07:11:24",956.0
6549912,Oleg,"2021-03-30 09:24:00",955.5
6341754,"Yang  Zhang","2021-02-25 07:09:46",955.0
6390667,GoFastly,"2021-04-08 14:28:29",954.1
6217692,woshuishangpu,"2021-03-07 07:01:17",954.1
6958690,Take,"2021-06-16 16:47:34",953.5
6385437,JamshaidSohail,"2021-04-24 18:14:02",952.8
6827439,IamAsalmon,"2021-06-17 19:32:27",952.3
6912846,"RL beginner","2021-06-08 11:50:35",952.0
6308976,"Eswar Chand","2021-02-16 12:38:18",951.8
6309713,r2d1,"2021-02-22 18:36:39",951.8
6475197,mylinh97,"2021-03-26 05:19:50",951.6
6951412,"Huan San","2021-06-16 08:45:58",949.3
6308123,"Tao-Lung Huang","2021-02-17 13:02:36",948.8
6358623,TheStoneMX,"2021-02-27 03:10:54",948.7
6528412,"Roshan Ram","2021-03-25 23:17:49",948.4
6403453,"Ahmed Ewida","2021-03-06 07:44:18",947.9
6210712,"Ruslan  Talipov","2021-02-09 14:06:35",947.2
6621323,Knightwing,"2021-04-24 11:27:32",946.0
6230049,Hiroyuki,"2021-06-20 11:09:52",945.9
6897354,"Hiromu Kitamori","2021-06-02 23:39:17",945.2
6380881,"Megham Garg","2021-03-08 13:57:48",945.1
6209672,zhasulan,"2021-03-16 16:02:56",943.0
6225183,"Huang Chenghao","2021-02-07 07:54:59",942.9
6641100,macli1,"2021-04-15 08:31:15",942.9
6614973,Nkaz,"2021-04-12 14:26:36",942.5
6390404,"Ng Xing Yu","2021-03-04 02:06:51",940.4
6858514,zh6012,"2021-06-19 11:49:48",939.9
6401683,"Christian G","2021-03-26 15:39:07",939.2
6913185,AkiraIshikawa,"2021-06-21 16:28:37",938.4
6325028,"laxman kusuma","2021-06-15 14:09:27",937.3
6263240,htsbrer,"2021-03-05 08:08:32",937.3
6294193,lilromeoz,"2021-02-12 20:36:54",935.9
6344954,"Mihail Parushkin","2021-03-01 17:08:44",935.9
6230935,Anti,"2021-02-12 13:55:05",932.5
6483542,"Nawid Sayed","2021-03-29 18:43:48",932.3
6308438,Sxwat,"2021-04-12 06:04:35",931.2
6356248,otto_sei,"2021-02-26 07:55:12",930.2
6790993,"Zhiwei Xu","2021-05-19 06:20:47",928.9
6265943,Froomfondel,"2021-02-12 09:32:44",925.2
6371270,Joan,"2021-05-27 09:58:58",924.1
6257935,"Joseph AMIGO","2021-04-29 18:07:16",920.1
6950056,voler2333,"2021-06-21 05:21:48",919.2
6716215,"Geesus Christ","2021-06-16 03:32:50",917.8
6475637,JasonWang,"2021-06-21 14:22:58",913.0
6739327,someone12469,"2021-06-14 07:33:54",910.6
6215037,"Yana Malysheva","2021-03-05 21:33:20",907.1
6404102,JointQLearning,"2021-05-29 18:14:35",905.0
6309653,"Sascha Ledowski","2021-04-15 08:28:07",902.6
6807910,"Nikolas Mottram","2021-06-12 12:52:45",895.8
6748173,"Stefan C","2021-06-04 23:36:28",895.3
6261847,"Kazuo Watanabe","2021-06-09 02:26:42",893.9
6332169,EatFattyEat,"2021-05-09 10:05:14",889.0
6247330,BFG,"2021-04-25 18:14:50",884.5
6931860,_Q,"2021-06-19 20:10:18",882.7
6214497,AlphaGoose,"2021-02-01 11:23:24",882.4
6614547,adeshkin,"2021-05-19 06:53:48",879.2
6927434,C0un79,"2021-06-16 02:50:59",874.8
6413921,"Yifei Wang","2021-03-08 09:52:05",874.2
6240235,Gecko-chan,"2021-02-09 08:13:27",874.1
6592157,"Jasper Dekoninck","2021-04-10 21:03:45",870.9
6908212,CorentinGRF,"2021-06-16 01:54:39",867.4
6524888,"Sam White","2021-04-15 00:22:28",864.0
6509510,jiaozi,"2021-05-20 14:27:41",863.4
6743195,"Jeffrey Mazariegos","2021-05-05 02:17:42",863.1
6287711,Eggplanck,"2021-05-23 06:23:39",859.8
6926179,"God Qian's Pendants","2021-06-16 23:47:00",859.7
6216123,Tomven,"2021-02-07 23:59:15",858.3
6216311,"Thierry Neusius","2021-03-27 22:13:35",856.5
6344863,KJHKJHJH,"2021-03-30 22:48:21",855.2
6678839,"Shiny Go","2021-06-05 16:51:20",855.2
6347131,com_lock_cater,"2021-03-02 10:55:16",854.6
6221386,"Evgenij Kostadinov","2021-06-16 16:46:16",852.1
6245988,"Dongkyun Kim","2021-02-04 13:21:17",850.8
6209921,GerbrandVisscher,"2021-02-20 23:42:47",850.0
6533807,"Rob D","2021-03-27 02:25:40",849.3
6212477,"Necks Match Please","2021-02-27 16:25:06",849.2
6244395,kfsky,"2021-03-15 14:54:52",847.3
6694889,"Kelvin Cupay","2021-04-26 05:16:56",846.9
6626491,"Karla Gonzalez","2021-05-04 11:50:55",846.0
6477631,start-t,"2021-03-22 04:17:31",845.7
6933046,"heshuai heshuai","2021-06-16 03:38:00",843.6
6585173,"Pratikshya Prasai","2021-05-07 14:13:57",842.9
6962785,xlgg_lxl,"2021-06-17 02:59:51",841.7
6334691,"Denis Petrovskiy_GP","2021-04-27 16:09:47",838.4
6426230,"Paul Mogianesi","2021-03-09 19:19:19",838.4
6248989,SimonasGrubinskas,"2021-06-01 17:04:13",834.1
6519994,"Atakan Yasar","2021-04-04 17:12:16",833.4
6882903,"Matthew Pocock","2021-06-21 01:59:37",831.2
6472369,"Les siidérants","2021-05-26 10:09:04",830.6
6209086,"Deep HONK !","2021-02-07 20:47:42",830.1
6679774,Oddood,"2021-05-20 04:44:26",829.6
6645884,yzzzwd,"2021-05-14 02:13:00",829.2
6481441,"Haitao Yu","2021-06-21 16:43:28",824.8
6310481,"optimal solution","2021-03-23 16:58:16",824.5
6605778,"Manon Bernard","2021-04-10 18:59:09",823.9
6548247,"greedy piggy","2021-05-10 20:34:07",823.5
6780935,soul,"2021-06-18 07:31:26",822.0
6952125,Aoooooooooooooooo,"2021-06-16 21:17:43",821.7
6903443,"Pr34ch3rX8ApPle's timid goose","2021-06-16 02:54:26",820.1
6243790,"Victor de la Fuente","2021-04-21 11:08:46",818.3
6222665,AntoineVanhaverbeke,"2021-04-11 06:52:35",817.3
6707423,ochaaaaaaan,"2021-05-20 12:57:36",814.8
6756578,"Bongo Cat","2021-06-05 15:10:27",814.2
6210137,"Deep Quack Network","2021-06-20 09:14:17",813.1
6635027,mimiqATz,"2021-06-20 23:56:54",812.9
6216483,BruceOkallau,"2021-02-21 04:50:28",810.7
6794757,HUANGYAO,"2021-05-19 00:02:53",810.6
6347220,monda,"2021-06-06 11:23:49",809.2
6685043,"Tim Chown","2021-04-29 12:17:32",805.0
6317744,"Phantom Geese Assassin","2021-06-16 17:55:27",804.6
6214577,Nirenamid,"2021-02-07 01:47:18",803.9
6831038,"Alderman Twirling","2021-06-12 14:28:54",802.7
6522700,"Alexander Metzger","2021-03-26 19:24:23",801.2
6308384,"Sergey Stupin","2021-04-05 14:50:15",799.1
6214125,Milcheis,"2021-01-31 05:32:33",798.6
6220666,"Martian Worker","2021-02-21 03:45:35",798.3
6210045,"green wizard","2021-04-27 17:41:35",791.8
6207342,"Hiroyuki Yamada","2021-03-14 07:30:02",791.0
6228626,akensert,"2021-02-04 11:52:41",787.3
6924146,AtKoder,"2021-06-06 11:00:33",786.8
6812575,"Hyunsoo Cho","2021-06-18 02:37:52",785.5
6209639,"Enric Domingo","2021-01-31 14:53:03",784.7
6262398,"Peter Nagymathe","2021-06-08 21:05:06",784.7
6236865,"Bill Mitchell","2021-02-07 00:12:40",783.9
6596289,"Artem Zholus","2021-04-14 18:48:59",783.7
6367603,"Ambrus Attila","2021-04-07 17:23:35",782.9
6240755,KenO14146,"2021-04-03 14:46:10",782.6
6555446,JiajunChai,"2021-05-26 05:59:13",782.2
6589966,"Yida Lin","2021-05-30 04:40:25",782.1
6720041,"K #2","2021-05-20 15:03:53",780.4
6341819,Oregin,"2021-06-12 08:52:37",778.7
6731851,pricegroup,"2021-05-07 14:27:41",778.7
6548042,Solomonkimunyu,"2021-03-29 20:59:02",778.3
6887415,trimannu,"2021-05-31 06:59:21",778.1
6263328,efu,"2021-05-19 04:29:48",777.5
6212397,kt,"2021-03-17 03:56:37",776.8
6242059,"Toulouse Goose","2021-02-08 22:11:21",775.6
6576337,Charles,"2021-05-16 11:00:09",775.5
6267744,"Ilya Nekhay","2021-06-21 15:11:52",775.4
6912870,"Goose Egg","2021-06-21 17:04:14",773.5
6216072,"Crazy Goose","2021-01-30 17:08:06",772.5
6404743,goldgaruda,"2021-04-25 08:59:28",771.7
6458778,"Jason Wang R","2021-03-14 10:20:13",771.5
6367457,astrael,"2021-06-19 23:25:58",770.8
6501296,"Pietro Marinelli","2021-04-01 10:09:14",770.8
6632699,"Vatsal Shah","2021-04-13 17:50:35",770.8
6790842,"tensor choko","2021-06-21 10:16:07",770.8
6597347,"Yuri Turygin","2021-04-07 14:34:51",769.8
6251328,SemptyBucks,"2021-02-04 17:45:52",769.0
6242773,Givan,"2021-05-18 15:45:41",768.6
6249500,"Pablo Salinas","2021-02-03 07:24:23",767.2
6317254,"Sy-Tuan Nguyen","2021-02-18 08:31:20",766.3
6445121,cyberia,"2021-03-12 07:34:16",766.1
6946831,"ankur maurya","2021-06-12 11:09:18",765.6
6596932,DataKuro,"2021-04-07 10:19:36",764.4
6211219,"Niranjan Singh","2021-06-09 22:18:09",764.2
6952336,"Yamen Habib","2021-06-18 17:14:45",762.4
6507066,QQers,"2021-04-26 09:26:11",761.8
6965045,Lotes,"2021-06-16 02:07:14",761.8
6210166,Leon,"2021-02-02 17:19:52",760.9
6837686,"Manuel Lopez - Santillana","2021-05-21 04:25:46",760.5
6215604,AcidNets,"2021-02-14 17:56:35",757.9
6645068,lbz5010,"2021-05-14 05:53:08",757.8
6442358,LeAttai,"2021-04-29 00:08:05",757.1
6253658,Takumi_Iwanade,"2021-02-04 17:04:29",756.9
6769812,APSC,"2021-05-18 15:13:12",756.2
6350058,"GUNJAN HALDAR","2021-02-25 05:42:17",755.3
6973016,GuruGuru,"2021-06-17 07:24:11",754.8
6619963,erocore,"2021-04-25 23:03:50",754.7
6215933,"Roman Vinogradov","2021-02-01 17:59:21",754.5
6208300,"Ilia Larchenko","2021-02-08 13:06:13",754.2
6513922,Alogoose,"2021-06-09 08:53:18",754.2
6264207,"Filip Strzałka","2021-02-12 15:20:32",754.1
6462258,Logic,"2021-03-15 02:14:29",753.9
6657963,"Liuda Cheldieva","2021-04-18 21:40:18",753.7
6232570,"Aleko Dimiev","2021-03-21 15:42:36",751.8
6218642,"Wei Hao Khoong","2021-02-27 14:11:55",750.7
6323267,pixChen,"2021-02-22 13:15:09",750.3
6219307,Convophile,"2021-02-02 03:36:25",748.5
6338653,GarrieD,"2021-05-17 18:29:17",748.5
6662079,IlshatIbrahimov,"2021-04-19 18:27:52",748.4
6213521,"Märchen Star","2021-02-16 15:00:38",745.8
6218289,shoji,"2021-06-12 03:02:26",745.8
6599057,"Abhay Chaudhary01","2021-04-08 05:57:58",745.2
6761787,"Ashutosh Kumar","2021-05-09 06:20:58",744.9
6255250,TKDS,"2021-02-04 02:38:31",744.3
6616009,"Leonid Ugadiarov","2021-05-17 11:37:00",743.5
6207701,"José Moyá","2021-01-30 12:41:36",743.4
6246777,"Nobuo Onishi","2021-02-02 11:31:00",743.4
6349157,PantsOfLuck,"2021-02-25 12:50:07",742.5
6793625,"Bahram Afsharmanesh","2021-05-13 23:41:30",740.5
6238665,"Rischan Mafrur","2021-02-01 00:45:13",739.8
6235232,"Matthew P. McAteer","2021-01-31 07:19:43",739.0
6557411,study,"2021-03-31 14:08:18",738.4
6369353,Sungpil,"2021-03-01 16:28:07",738.0
6966725,SseVven,"2021-06-16 15:34:10",737.2
6247121,"don't eat my duck","2021-02-02 14:12:39",735.7
6240508,foo_foo,"2021-02-01 16:23:57",734.0
6983743,"Kishore M","2021-06-21 11:17:18",732.1
6210642,"Salil Gautam","2021-02-16 20:31:01",729.6
6250701,NUDTDM2021XL,"2021-04-07 22:16:48",728.3
6344710,"dhaqui the kaggler","2021-03-10 11:21:02",727.7
6739252,simple,"2021-05-04 09:41:08",726.4
6233710,"‪Leon Ler‬‏","2021-01-30 19:47:55",724.8
6720300,Mario,"2021-05-20 20:44:13",724.0
6237819,"Linda MacPhee-Cobb","2021-03-30 19:21:53",723.2
6763072,"Esteban Rojas Henao","2021-05-10 03:05:22",722.8
6352398,esaeki,"2021-02-25 12:54:07",722.6
6282084,Kaggler,"2021-02-21 15:38:10",722.3
6575266,Fleksy,"2021-04-03 21:47:02",721.8
6243956,"Mike Kim","2021-02-02 21:58:25",721.6
6884332,mattsu2020,"2021-05-30 13:11:29",720.5
6373516,"Erika Manucharian","2021-03-09 18:08:51",718.4
6209442,"Denis Osipychev","2021-01-29 19:21:53",718.4
6637455,WanKyuYun,"2021-04-27 15:31:09",716.6
6602247,"Kilian Ft","2021-04-10 15:03:52",716.5
6237350,"Aleksey Melnikov","2021-03-05 10:52:26",716.3
6209396,"matt p","2021-03-01 09:22:25",716.3
6221755,Rich,"2021-03-14 00:26:41",715.8
6441379,Prana,"2021-05-31 22:43:03",714.7
6667586,"Abo Sol","2021-04-21 15:40:21",713.5
6622967,wangsinan0516,"2021-05-13 15:35:00",713.2
6296743,"Top Geese","2021-02-22 23:45:56",711.2
6683739,XingzLee,"2021-04-26 01:07:30",711.1
6991062,"Prem Chotepanit","2021-06-21 17:32:23",710.5
6339336,Nayu.T.S.,"2021-02-23 03:11:23",709.3
6205791,"Chanran Kim","2021-01-31 01:58:17",709.0
6232872,HamburgBastian,"2021-02-16 19:15:22",708.7
6946603,Msinger007,"2021-06-11 21:24:18",708.6
6207691,"Nothing as Greedy as this Goose","2021-02-01 17:15:36",707.7
6717617,mandubian,"2021-06-21 09:45:34",706.2
6272096,"Okos Libák","2021-03-03 22:08:54",704.7
6235052,"Ayush Goel","2021-06-21 11:42:15",704.0
6243518,EnricRovira,"2021-02-13 18:38:53",702.5
6296850,tmyoda,"2021-04-02 07:33:28",699.4
6479081,ASHVIN,"2021-03-17 15:13:42",699.4
6252315,"Radim Sykora","2021-03-01 15:20:57",698.8
6307601,doroppe,"2021-02-16 07:01:23",696.2
6956893,Momoyu,"2021-06-16 19:02:09",695.8
6249452,Bingyu,"2021-02-16 22:26:51",693.4
6407735,xiejunwei,"2021-03-21 06:21:46",693.4
6281266,"Edward Crookenden","2021-02-22 01:39:02",692.9
6636847,RDRa,"2021-04-15 00:20:14",687.5
6409346,"Mohammed Yaseen","2021-03-30 12:12:53",686.7
6929668,LichQueen,"2021-06-12 08:47:05",684.3
6405108,"Daniele Angioletti","2021-03-18 09:51:35",677.5
6692809,"Andrey Vest","2021-04-28 12:35:32",677.2
6965942,SinowX,"2021-06-16 15:23:29",675.5
6228728,"Florian Peters","2021-02-01 19:21:19",675.0
6242887,"I'm A Duck","2021-02-01 23:49:14",674.2
6453221,akomp22,"2021-05-05 18:13:01",673.4
6603948,Trunci,"2021-04-12 14:43:46",673.1
6627437,siman,"2021-05-20 19:50:04",670.7
6903074,"Froggy McFrogson","2021-06-06 00:29:08",670.3
6212332,setcha,"2021-01-28 03:57:35",666.3
6219637,"Marek Nurzynski","2021-01-30 18:28:03",665.9
6763004,"Christian Holland","2021-05-16 21:42:52",664.0
6210219,"Feeding the Geese","2021-02-26 13:40:54",662.2
6804432,hiroshun,"2021-05-22 13:18:01",661.4
6211104,"Hungry Bullions","2021-03-03 16:24:19",658.2
6211305,kgareth,"2021-05-14 17:46:40",657.3
6509620,"Zach Kelley","2021-04-30 04:33:33",657.0
6679830,as3asddd,"2021-05-13 07:26:34",656.5
6298544,tkm742,"2021-02-15 09:29:53",656.1
6210054,"Massock Batalong Maurice Blaise","2021-02-24 15:45:20",655.6
6692470,"Nerijus Areska","2021-04-26 14:17:28",655.0
6594125,"Charles 2","2021-04-26 02:23:18",654.4
6594048,Saikyo_Mamezaemon,"2021-04-06 23:24:19",653.5
6230075,"Vikram Niranjan","2021-03-01 10:18:08",651.7
6801145,YusukeNakamura1111,"2021-05-15 12:28:52",650.6
6312816,Shahed,"2021-02-23 16:57:34",650.5
6595820,"Mighty Geese","2021-04-12 15:56:53",647.0
6708685,"Ashutosh jatav","2021-04-28 16:49:18",645.3
6987356,sandya2022,"2021-06-20 20:13:28",644.5
6443833,"WIN U","2021-06-18 02:22:11",639.5
6580421,"Lee Clemens","2021-04-04 20:24:47",637.2
6718064,MrTrushka,"2021-05-09 00:11:49",633.5
6697974,superb20,"2021-06-02 15:48:17",631.9
6921447,Chengdian-F3,"2021-06-17 00:16:29",631.4
6465244,"Four-leaf clover","2021-04-21 20:34:02",629.6
6458602,noypeban,"2021-05-19 14:33:45",629.6
6966027,at_tta,"2021-06-16 07:10:51",628.9
6419602,"The Psyducks","2021-03-08 19:12:41",627.0
6333982,torahirod,"2021-03-02 16:00:12",625.3
6694901,Bien,"2021-05-21 05:24:27",624.2
6622678,"Ilda Alushajj","2021-05-10 07:39:23",620.2
6261537,Rahziael,"2021-02-22 14:57:39",618.5
6214079,UPNArs,"2021-01-31 11:21:16",618.1
6230433,"Nilotpal Das","2021-01-31 07:02:34",617.9
6566879,"Rodrigo Ferraz Souza","2021-05-13 21:45:48",616.1
6725514,"Thales Galuchi","2021-05-14 01:53:47",614.9
6352493,"Ghadeer Elmkaiel","2021-03-01 20:31:49",614.7
6348819,"Dance mit de Gänse","2021-04-13 18:34:18",613.6
6302966,Yun유경,"2021-04-16 06:41:42",613.3
6701857,"Benjamin A","2021-05-02 07:03:55",611.9
6904529,"Per S","2021-06-05 21:51:20",611.0
6665949,"Eric Norman","2021-05-25 18:28:00",610.2
6332685,afoochow,"2021-02-25 13:22:06",606.3
6788796,"Devang Parikh","2021-05-13 05:57:27",602.2
6353038,"H-FTW 2000","2021-03-10 12:52:33",601.1
6622854,dong456,"2021-04-13 08:42:01",600.9
6285912,"Ayoub Oumani","2021-03-04 22:51:27",599.5
6644163,Linar,"2021-04-18 16:00:49",598.3
6457112,BigData,"2021-05-04 22:58:55",597.4
6246416,"Lorenzo Zoccatelli","2021-02-03 16:59:31",595.9
6396714,"Beijing Roast Geese","2021-03-12 01:56:47",595.6
6966762,"binyang xie","2021-06-16 13:00:16",594.5
6775302,"Kazuki Narikawa","2021-06-20 09:45:55",594.1
6579399,"Finn Jonas Peper","2021-04-07 12:01:31",594.1
6756788,datAvengers,"2021-06-21 10:53:48",592.6
6591380,"Adam Thahir","2021-04-13 18:57:05",591.7
6556008,GOOOOSE,"2021-04-06 13:32:29",590.5
6651956,ikeuchy,"2021-04-19 14:10:21",590.4
6686230,"Evans Kiplagat","2021-04-24 11:39:11",588.3
6241651,M0T0,"2021-04-18 22:58:32",588.2
6642384,"Mitrokhina Eugenia","2021-04-15 16:31:12",586.7
6226161,Hashiwo3,"2021-02-07 12:44:32",586.6
6441538,"Sebastian Kersting","2021-03-15 09:17:54",584.0
6841875,Rogerup,"2021-05-22 02:12:12",583.2
6315207,Zarniwoop,"2021-02-20 15:32:06",581.7
6960758,Nohnaru,"2021-06-21 13:38:44",581.1
6371938,"Rahul Choudhary","2021-04-30 18:04:30",581.0
6617852,"Yiming Li","2021-05-16 04:43:34",580.8
6771650,"Liberation Tiger","2021-05-25 15:28:22",578.3
6366789,"Shun Fukuda","2021-05-03 09:45:56",577.7
6589925,UntitledGooseTeam,"2021-05-14 12:33:22",575.5
6733237,"Alihan Zihna","2021-05-06 08:50:58",575.5
6752608,Aleks,"2021-06-05 09:53:58",573.2
6557017,"Jin Jijun","2021-04-14 12:35:03",573.1
6880558,"Maciej Lulka","2021-05-29 18:01:05",571.2
6232759,pierretihon,"2021-03-15 20:48:58",571.0
6487169,AlexandraAmidon,"2021-04-07 21:00:43",566.6
6809822,Karan,"2021-05-21 05:13:55",565.9
6352673,Natanluiz,"2021-03-05 01:35:30",565.7
6241715,"Nikolai Neustroev","2021-02-07 06:40:19",564.0
6601888,coplk,"2021-04-08 07:06:40",558.6
6214780,"João Alexandre Vaz Ferreira","2021-02-04 17:58:02",554.9
6729822,"Team Boesch","2021-05-06 15:29:55",554.7
6648894,"Koichi Saito","2021-04-25 01:44:13",554.4
6688962,MinhN520,"2021-04-24 20:30:19",553.0
6635507,"Alina Kolesnikova","2021-04-16 11:31:05",549.9
6237932,"Hangry Geese","2021-02-03 15:51:03",546.9
6256960,"Nikos Raftogiannis","2021-02-04 21:19:17",546.7
6641238,"Tryasoguzov Pavel","2021-04-15 15:09:01",545.2
6917626,thaole25,"2021-06-07 14:20:38",542.2
6795393,"Lopamudra Nayak","2021-05-14 08:02:10",540.0
6524615,"Fed Geese","2021-03-25 08:30:00",539.6
6484881,Morkvas,"2021-04-07 08:59:04",538.7
6638711,"Azamat Kanametov","2021-05-14 17:22:49",534.8
6665554,takoagemat,"2021-04-30 16:09:56",533.7
6379171,zanghu,"2021-03-16 05:26:14",528.8
6833651,GSENSE,"2021-06-02 23:20:20",528.0
6355873,moscwa,"2021-02-27 15:49:20",527.1
6757013,bobowedge,"2021-05-07 16:27:43",517.5
6596492,"Ilya Basharov","2021-04-20 20:27:29",514.4
6334062,Daniel-C,"2021-02-26 10:16:37",513.5
6495517,salt,"2021-03-24 02:21:18",511.5
6219260,GRIT,"2021-01-29 01:13:35",509.0
6626402,"Rhys Gardener","2021-06-15 09:20:03",509.0
6220554,Ihor,"2021-06-04 15:48:10",508.3
6674842,weierstrass94,"2021-04-29 16:10:00",504.1
6924897,multisim_s,"2021-06-16 16:53:20",497.7
6299530,Navi,"2021-02-19 15:24:21",492.2
6588945,"Nidhay Pancholi","2021-04-12 04:19:56",490.4
6210747,"Pete Cooper","2021-01-29 11:57:13",485.9
6215134,"Alejandro Arroyave Buriticá","2021-02-16 15:47:08",476.8
6356849,Kan_Nakahara,"2021-03-11 09:05:29",476.2
6310297,AIPlays,"2021-02-24 00:51:06",475.2
6521399,"Bruno Coelho","2021-04-16 22:13:35",472.4
6806591,hokyungKim,"2021-06-06 02:23:13",472.3
6864822,"Xichao Wang","2021-05-31 14:33:55",470.4
6217764,fleek12,"2021-03-21 10:10:10",470.1
6210931,Joel,"2021-01-27 18:09:45",468.3
6216155,MohsinLakhani,"2021-02-10 18:44:38",466.8
6209403,Senseis,"2021-04-03 21:21:27",466.3
6209584,"Alexandr Surzhikov","2021-01-26 17:18:00",465.4
6271457,"Chunyu Tan","2021-04-21 19:25:26",460.9
6209456,"Tim Hoolihan","2021-01-27 00:56:46",459.5
6211251,Yubo,"2021-02-02 04:57:02",458.5
6576843,"Renz Kyril","2021-05-16 05:45:53",457.9
6828749,"Lukas Zierahn","2021-05-21 18:33:50",456.9
6620224,"Artem Latyshev","2021-05-10 16:33:18",455.6
6217396,"James McGuigan","2021-03-17 00:04:51",455.6
6211721,owen,"2021-01-28 08:25:27",454.8
6282614,"Szymon Gut","2021-02-13 00:38:26",454.5
6211281,"Badr Hirchoua","2021-01-30 01:47:14",454.1
6209528,V,"2021-01-31 18:36:55",451.7
6652305,Egiobe,"2021-04-18 13:05:21",451.3
6209452,"Tony Robinson","2021-01-27 06:44:34",451.1
6332552,bhongkam,"2021-02-26 10:49:03",451.1
6606358,"Tennis Ball","2021-04-09 16:01:57",450.0
6211446,"Frank Puk","2021-01-27 01:22:22",449.8
6208723,sumisumi,"2021-01-26 15:08:26",449.5
6769272,"Nguyễn Khắc Hào","2021-05-14 08:51:18",448.6
6209362,"Shruti Saxena","2021-01-26 20:12:21",443.5
6252739,"Дмитрий Мусин","2021-02-03 18:29:23",441.4
6207535,"Tobias Uthe","2021-01-26 12:13:24",441.0
6216585,Heroseo,"2021-01-27 20:09:01",440.9
6886958,KungFuzzy,"2021-05-31 12:23:59",440.8
6604208,"Daria Sharypina","2021-05-10 15:13:56",440.6
6222925,"Danylo Varlyhin","2021-01-28 21:21:38",438.4
6630291,"Radio GaGa","2021-04-14 11:09:07",437.9
6210969,Bluefool,"2021-01-26 22:54:23",437.6
6407105,"Alex Yarysh","2021-03-11 08:47:30",437.0
6979347,"Ashley p","2021-06-18 15:11:55",436.8
6633403,"Evan Hall","2021-04-13 21:56:50",435.5
6323538,gedonder,"2021-02-19 18:53:48",429.8
6612440,mathematiguy,"2021-04-10 13:42:51",425.6
6209282,prakash,"2021-01-28 06:44:33",423.2
6209138,Nivethithan,"2021-01-26 15:29:22",423.0
6521154,arizonapampa,"2021-04-29 10:00:08",422.1
6213123,"Starchenkov Andrey","2021-01-27 18:52:42",418.3
6488923,"Viktor Pavuk","2021-03-19 08:21:19",415.3
6212497,"Prathamesh Sonawane","2021-01-27 05:37:35",414.8
6211616,"Dmitri Fuerle","2021-01-28 03:16:37",412.4
6979272,"Scarlet J","2021-06-18 14:33:35",411.5
6208252,LAZCoder,"2021-01-27 15:45:07",411.3
6408387,"Toan Nguyen","2021-03-07 05:40:00",410.6
6210425,"Кирилл Чертоганов","2021-01-26 19:42:28",408.6
6211374,Flrotm,"2021-01-27 01:11:02",406.1
6209953,"Rahul Kumar","2021-01-26 17:52:56",405.3
6221262,"Poojan Sheth","2021-01-29 22:07:00",404.5
6211833,akb_039,"2021-01-27 10:20:33",404.0
6453222,"Adhithiyan Azhagudurai","2021-03-13 08:44:22",403.3
6348635,SebastianGomezS,"2021-02-26 01:23:10",403.1
6229372,"Richard Kawasaki","2021-01-31 06:42:07",402.9
6789149,"Maheshwari Andekar","2021-05-13 06:20:50",402.3
6207312,__观想厅__,"2021-01-27 08:50:30",401.6
6210677,neperiana,"2021-02-06 08:26:50",401.2
6210113,"Alex Juggernaut","2021-01-26 18:43:21",398.6
6945183,"NITHIN JAIN","2021-06-11 14:55:33",398.2
6269455,"Шпакова Татьяна(ШАД)","2021-02-07 16:15:31",395.6
6489033,Matrix,"2021-03-20 18:53:19",394.0
6216022,"Viktor Vialov","2021-01-27 17:26:14",393.7
6209676,"Sanjaya Satrio","2021-01-26 16:55:03",393.7
6225737,jeez,"2021-01-30 06:07:48",393.3
6209995,"Mukhar Jain","2021-04-09 18:27:24",393.2
6313311,"Yasin Naal","2021-03-04 10:11:38",392.4
6604490,Sjain,"2021-04-08 16:06:10",391.0
6843360,smart8986,"2021-05-22 03:47:51",389.1
6376699,TomaszWojtowicz,"2021-03-02 10:17:40",388.9
6577787,"Tobias Rossi Müller","2021-04-08 23:25:17",387.2
6628900,"Evgenij Dzhivelikyan","2021-05-01 11:53:15",386.4
6668305,"Abishek Bashyal","2021-04-21 13:08:53",385.8
6594114,"Luna Almeida","2021-04-08 23:05:57",385.6
6938512,"Arnab Dey","2021-06-12 07:12:58",385.3
6228331,"Iurii Marushevskyi","2021-02-04 18:16:04",384.8
6209815,B²,"2021-01-26 17:23:13",384.5
6652656,"PHANOMKORN HOMSIANG","2021-04-30 07:37:10",384.2
6264567,"Marcus John","2021-02-09 09:01:55",383.8
6620129,"Aline Pereira","2021-04-11 18:06:34",382.6
6409081,"DUSHYANT JAIN","2021-04-11 19:05:41",382.5
6258823,"Josh Robinson","2021-02-04 18:01:17",382.3
6625219,KawattaTaido,"2021-05-17 15:39:12",381.7
6546251,ichitaro_ogawa,"2021-03-29 14:55:32",381.7
6210920,"[Deleted] 57c2624a-bb4b-4fa0-bc20-411602c00841","2021-01-26 23:59:41",381.0
6379229,LukeRaw,"2021-03-09 19:22:52",380.6
6919534,GarryChess,"2021-06-10 23:08:09",380.4
6693188,"Lalit Prakash Vatsal","2021-04-25 19:14:10",379.8
6643801,daniilkirilenko,"2021-05-10 22:22:59",379.5
6966573,"Lorenzo Jean Pinaud ","2021-06-16 08:41:06",379.4
6606034,husnen,"2021-04-08 22:59:21",379.3
6614970,"Matheus Kolln","2021-04-15 22:13:44",379.0
6237843,Jyotish,"2021-01-31 19:30:59",376.6
6948373,"Lee MinHyung","2021-06-12 07:12:57",375.2
6373498,"Sandy Vaslon","2021-03-04 20:03:45",373.5
6835160,"amirreza mousavi","2021-05-26 13:21:54",372.7
6947051,BlackPanther,"2021-06-11 19:56:12",372.1
6216194,Seyed,"2021-01-27 18:41:53",370.5
6510871,"Soheib Kadi","2021-03-24 07:08:34",369.9
6638601,fireman6480,"2021-04-14 20:02:46",369.7
6594368,"Alexandre Lortie","2021-04-07 01:08:17",369.6
6223831,"[Deleted] 98035228-a912-40e9-bdf0-41d6cc9194e5","2021-01-29 01:22:49",368.8
6258944,"Nikita Gushchin","2021-02-04 18:48:32",367.8
6227107,"Zhihan Jiang","2021-02-11 05:56:12",367.6
6898178,"Arnab Mondal","2021-06-02 04:51:24",366.9
6279843,"Paul Knoll","2021-02-10 09:09:37",365.4
6246444,TAS007,"2021-02-02 10:02:39",365.4
6360525,"Paulo Lima","2021-02-27 02:44:41",363.3
6211673,ML_Expert_Silicon_Valley,"2021-01-27 02:50:26",363.1
6677996,"Łukasz Szydełko","2021-04-22 12:34:13",362.5
6895197,"Katya Govorkova","2021-06-01 15:08:30",362.5
6644280,dslearn,"2021-06-13 20:08:40",360.2
6259325,Ornery,"2021-02-04 20:38:27",354.7
6296512,Bovard,"2021-02-13 21:12:27",345.0
6957860,Garuda,"2021-06-20 01:27:22",341.6
6584859,korj_morj,"2021-04-05 14:26:02",338.2
6795444,"RL is all you need","2021-06-16 04:34:00",336.3
6336667,hotton,"2021-03-21 06:57:17",313.3
6238744,"Mike Young","2021-02-04 03:02:16",225.9
6899859,"yui coiuyu","2021-06-02 11:05:51",149.8
